County,"Jan '20(pre-COVID)",,Feb '20,May '20,Aug '20,Nov '20,Feb '21,May '21,Aug '21,Nov '21,Feb '22,Mar '22,Apr '22,May '22,Jun '22,Jul '22,Aug '22,"? from July2022","Diff from Jan'20","% of OverallDecline"
001 - ANDERSON,"50,708",,"50,553","48,098","48,748","48,897","47,457","49,777","49,648","49,640","49,893","49,730","49,424","49,479","49,248","49,020","49,200",180,"-1,508",-2.97%
002 - ANDREWS,"23,054",,"23,020","21,413","21,392","21,127","20,509","21,636","21,745","21,866","21,960","21,984","22,098","22,274","22,323","22,360","22,618",258,-436,-1.89%
003 - ANGELINA,"83,942",,"83,403","78,171","79,722","80,289","79,045","82,997","82,332","82,135","82,223","81,846","81,749","81,740","81,683","81,577","82,226",649,"-1,716",-2.04%
004 - ARANSAS,"26,398",,"26,376","24,939","25,345","25,706","25,415","26,709","26,703","26,926","27,205","27,287","27,393","27,612","27,594","27,664","27,846",182,"1,448",5.49%
005 - ARCHER,"11,960",,"11,974","11,491","11,641","11,659","11,537","12,125","12,063","12,085","12,125","12,133","12,090","12,111","12,113","12,119","12,125",6,165,1.38%
006 - ARMSTRONG,"2,788",,"2,769","2,597","2,614","2,624","2,613","2,770","2,735","2,751","2,726","2,722","2,759","2,754","2,734","2,734","2,749",15,-39,-1.40%
007 - ATASCOSA,"51,604",,"51,589","49,610","49,469","49,252","48,460","50,447","50,637","51,170","51,554","51,910","52,000","52,365","52,496","52,793","52,944",151,"1,340",2.60%
008 - AUSTIN,"42,488",,"42,544","40,046","40,838","41,405","40,830","42,672","42,488","42,567","42,810","42,809","42,766","43,071","42,973","43,014","43,094",80,606,1.43%
009 - BAILEY,"6,749",,"6,679","6,293","6,481","6,466","6,452","6,778","6,659","6,646","6,490","6,470","6,422","6,366","6,352","6,380","6,351",-29,-398,-5.90%
010 - BANDERA,"29,307",,"29,207","27,265","27,687","27,961","27,836","29,496","29,578","29,689","29,945","30,002","29,990","30,057","30,008","30,015","30,152",137,845,2.88%
011 - BASTROP,"99,172",,"99,282","95,655","96,868","98,100","97,207","102,873","104,272","105,610","107,027","107,015","106,693","107,117","106,777","106,603","107,120",517,"7,948",8.01%
012 - BAYLOR,"4,318",,"4,312","4,109","4,120","4,142","4,049","4,339","4,346","4,383","4,330","4,289","4,248","4,249","4,197","4,148","4,190",42,-128,-2.96%
013 - BEE,"24,113",,"24,083","23,235","23,137","22,931","22,379","23,447","23,369","23,192","23,017","22,770","22,441","22,460","22,428","22,373","22,462",89,"-1,651",-6.85%
014 - BELL,"317,235",,"316,167","301,151","305,055","307,383","304,080","320,587","324,794","328,375","330,066","329,938","329,113","329,795","329,991","329,382","330,475","1,093","13,240",4.17%
015 - BEXAR,"1,642,281",,"1,642,366","1,572,244","1,572,508","1,574,088","1,556,105","1,621,034","1,635,746","1,642,818","1,647,512","1,647,458","1,643,642","1,648,462","1,645,377","1,642,662","1,645,704","3,042","3,423",0.21%
016 - BLANCO,"19,893",,"19,861","18,870","19,128","19,046","19,092","20,101","20,328","20,566","20,699","20,772","20,747","20,808","20,798","19,957","19,980",23,87,0.44%
017 - BORDEN,"1,081",,"1,088","1,045","1,082","1,092","1,071","1,085","1,067","1,052","1,012","1,014","1,009","1,000","1,023","1,017","1,024",7,-57,-5.27%
018 - BOSQUE,"23,981",,"23,940","22,634","23,088","23,297","22,956","24,233","24,143","24,312","24,478","24,500","24,559","24,696","24,781","24,803","24,900",97,919,3.83%
019 - BOWIE,"88,110",,"87,914","83,143","84,578","85,090","83,940","87,773","86,810","86,741","87,127","86,692","86,280","86,345","86,000","85,502","85,695",193,"-2,415",-2.74%
020 - BRAZORIA,"336,622",,"336,290","319,438","319,744","321,115","314,874","332,228","335,604","337,505","340,990","341,968","342,216","343,925","344,404","344,619","345,874","1,255","9,252",2.75%
021 - BRAZOS,"161,757",,"161,587","151,361","153,689","154,866","152,821","160,931","162,199","163,728","165,002","165,366","165,657","166,488","166,504","166,353","166,739",386,"4,982",3.08%
022 - BREWSTER,"11,007",,"10,999","10,130","10,005","9,959","9,732","10,597","10,841","10,917","10,978","11,001","11,028","11,061","11,067","11,085","11,134",49,127,1.15%
023 - BRISCOE,"2,003",,"1,994","1,897","1,916","1,903","1,866","1,918","1,902","1,937","1,919","1,898","1,885","1,882","1,881","1,885","1,880",-5,-123,-6.14%
024 - BROOKS,"6,589",,"6,516","5,900","5,922","5,946","5,768","6,174","6,241","6,231","6,138","6,210","6,162","6,254","6,200","6,172","6,193",21,-396,-6.01%
025 - BROWN,"43,680",,"43,527","40,120","40,621","40,488","39,622","42,728","42,885","43,125","43,259","43,151","43,065","43,362","43,275","43,219","43,426",207,-254,-0.58%
026 - BURLESON,"24,548",,"24,497","22,379","23,164","23,649","23,388","24,765","24,862","24,830","25,062","25,139","25,197","25,336","25,329","25,282","25,351",69,803,3.27%
027 - BURNET,"60,282",,"60,245","57,486","58,563","59,170","58,496","61,596","62,424","63,345","64,131","64,227","64,575","64,871","64,964","65,105","65,429",324,"5,147",8.54%
028 - CALDWELL,"44,908",,"44,834","42,391","42,571","42,832","42,326","45,156","45,914","46,353","46,863","46,892","46,774","46,980","47,068","47,081","47,291",210,"2,383",5.31%
029 - CALHOUN,"23,759",,"23,652","22,379","22,716","22,852","22,685","23,579","23,460","23,519","23,502","23,480","23,586","23,573","23,533","23,508","23,563",55,-196,-0.82%
030 - CALLAHAN,"17,049",,"17,042","15,716","15,984","16,174","15,978","17,093","17,180","17,263","17,312","17,344","17,244","17,256","17,342","17,316","17,408",92,359,2.11%
031 - CAMERON,"327,748",,"327,121","318,137","323,317","329,297","329,605","341,482","345,128","346,504","348,156","348,270","348,052","348,378","348,089","348,006","348,578",572,"20,830",6.36%
032 - CAMP,"18,074",,"18,018","17,054","17,454","17,588","17,468","18,136","18,287","18,375","18,522","18,481","18,325","18,323","18,284","18,256","18,277",21,203,1.12%
033 - CARSON,"7,591",,"7,563","7,323","7,384","7,421","7,290","7,578","7,619","7,641","7,734","7,785","7,790","7,835","7,878","7,820","7,834",14,243,3.20%
034 - CASS,"33,781",,"33,661","32,143","32,432","32,179","31,835","33,447","33,400","33,549","33,558","33,484","33,477","33,522","33,499","33,463","33,595",132,-186,-0.55%
035 - CASTRO,"8,096",,"8,052","7,648","7,996","8,000","7,931","8,268","8,197","8,261","8,305","8,343","8,452","8,510","8,538","8,497","8,525",28,429,5.30%
036 - CHAMBERS,"50,817",,"50,893","47,280","48,100","48,806","48,425","52,058","52,123","52,325","52,726","52,675","52,962","53,093","53,312","53,394","53,676",282,"2,859",5.63%
037 - CHEROKEE,"50,372",,"50,255","46,655","46,974","47,756","46,958","50,214","50,863","50,770","51,125","51,178","50,926","51,294","51,074","51,119","51,461",342,"1,089",2.16%
038 - CHILDRESS,"6,548",,"6,516","6,200","6,322","6,262","6,135","6,435","6,479","6,582","6,540","6,502","6,444","6,429","6,372","6,357","6,348",-9,-200,-3.05%
039 - CLAY,"13,166",,"13,143","12,630","12,947","12,885","12,692","13,168","13,235","13,377","13,382","13,427","13,470","13,524","13,582","13,660","13,695",35,529,4.02%
040 - COCHRAN,"3,033",,"3,006","2,838","2,889","2,873","2,837","2,943","2,923","2,861","2,900","2,915","2,926","2,892","2,884","2,882","2,894",12,-139,-4.58%
041 - COKE,"4,752",,"4,718","4,508","4,593","4,609","4,567","4,748","4,757","4,775","4,803","4,800","4,816","4,811","4,779","4,768","4,782",14,30,0.63%
042 - COLEMAN,"11,146",,"11,074","10,514","10,577","10,619","10,357","11,012","11,119","11,186","11,102","11,145","11,091","11,095","11,062","11,037","11,110",73,-36,-0.32%
043 - COLLIN,"838,009",,"838,427","805,106","815,746","822,544","819,235","852,490","865,094","873,210","875,692","879,736","883,074","886,280","888,508","889,747","892,924","3,177","54,915",6.55%
044 - COLLINGSWORTH,"3,389",,"3,363","3,233","3,319","3,284","3,237","3,305","3,306","3,379","3,354","3,352","3,400","3,383","3,355","3,332","3,353",21,-36,-1.06%
045 - COLORADO,"30,180",,"30,213","29,010","29,276","29,432","29,020","29,828","30,108","30,017","29,977","29,978","29,921","30,065","30,055","29,986","30,125",139,-55,-0.18%
046 - COMAL,"178,680",,"178,949","172,592","175,728","178,607","178,736","186,265","189,534","192,105","194,590","195,660","196,558","197,449","198,119","198,755","199,873","1,118","21,193",11.86%
047 - COMANCHE,"17,380",,"17,319","15,904","15,947","15,867","15,296","17,128","17,235","17,445","17,671","17,569","17,503","17,622","17,646","17,639","17,747",108,367,2.11%
048 - CONCHO,"3,523",,"3,495","3,299","3,408","3,461","3,426","3,568","3,539","3,558","3,560","3,543","3,581","3,591","3,587","3,569","3,589",20,66,1.87%
049 - COOKE,"58,513",,"58,369","55,270","55,092","54,943","53,849","56,124","56,280","56,475","56,675","56,806","56,827","57,140","57,241","57,344","57,807",463,-706,-1.21%
050 - CORYELL,"61,469",,"61,389","58,320","59,532","59,922","59,311","62,740","63,131","63,606","64,037","63,949","63,911","64,175","64,168","64,029","64,146",117,"2,677",4.36%
051 - COTTLE,"1,676",,"1,650","1,512","1,554","1,564","1,515","1,593","1,580","1,548","1,521","1,543","1,560","1,548","1,555","1,562","1,578",16,-98,-5.85%
052 - CRANE,"5,430",,"5,403","4,872","4,974","4,964","4,842","5,093","5,046","5,013","5,093","5,137","5,187","5,208","5,180","5,153","5,146",-7,-284,-5.23%
053 - CROCKETT,"5,741",,"5,712","5,100","5,126","5,184","5,125","5,508","5,491","5,432","5,467","5,441","5,378","5,371","5,336","5,256","5,140",-116,-601,-10.47%
054 - CROSBY,"5,812",,"5,763","5,545","5,580","5,548","5,471","5,691","5,706","5,755","5,684","5,695","5,712","5,711","5,662","5,627","5,629",2,-183,-3.15%
055 - CULBERSON,"2,282",,"2,277","2,039","2,173","2,210","2,203","2,375","2,386","2,406","2,428","2,449","2,462","2,471","2,505","2,497","2,464",-33,182,7.98%
056 - DALLAM,"8,121",,"8,137","8,023","8,121","8,116","7,975","8,199","8,18P5","ge 1 of 86,200","8,068","8,011","7,970","7,967","7,948","7,965","7,977",12,-144,-1.77%
County,"Jan '20(pre-COVID)",,Feb '20,May '20,Aug '20,Nov '20,Feb '21,May '21,Aug '21,Nov '21,Feb '22,Mar '22,Apr '22,May '22,Jun '22,Jul '22,Aug '22,"? from July2022","Diff from Jan'20","% of OverallDecline"
057 - DALLAS,"2,170,374",,"2,166,127","1,994,475","2,006,193","2,013,833","1,984,391","2,085,242","2,095,680","2,090,386","2,083,711","2,091,472","2,092,783","2,103,166","2,098,369","2,097,404","2,101,685","4,281","-68,689",-3.16%
058 - DAWSON,"11,790",,"11,677","11,402","11,619","11,501","11,308","11,705","11,639","11,798","11,706","11,674","11,626","11,573","11,533","11,494","11,448",-46,-342,-2.90%
059 - DEAF SMITH,"21,258",,"21,141","19,915","20,650","20,648","20,520","21,469","21,153","21,260","21,293","21,271","21,193","21,259","21,236","21,085","21,068",-17,-190,-0.89%
060 - DELTA,"6,663",,"6,654","6,344","6,396","6,460","6,385","6,710","6,710","6,752","6,770","6,767","6,741","6,748","6,708","6,676","6,719",43,56,0.84%
061 - DENTON,"712,693",,"712,967","679,657","694,485","700,125","695,214","728,253","737,322","743,244","745,741","750,314","752,229","756,065","758,252","759,797","763,677","3,880","50,984",7.15%
062 - DEWITT,"25,959",,"25,884","25,252","25,214","25,169","24,548","25,342","25,284","25,225","25,161","25,139","25,127","25,258","25,277","25,167","25,265",98,-694,-2.67%
063 - DICKENS,"2,763",,"2,749","2,668","2,723","2,700","2,640","2,720","2,705","2,704","2,675","2,671","2,675","2,653","2,640","2,624","2,627",3,-136,-4.92%
064 - DIMMIT,"12,167",,"12,099","11,192","10,758","10,567","10,054","10,923","10,994","10,985","11,264","11,102","10,955","10,902","10,836","10,696","10,727",31,"-1,440",-11.84%
065 - DONLEY,"3,491",,"3,467","3,351","3,385","3,352","3,284","3,494","3,491","3,475","3,475","3,506","3,489","3,473","3,460","3,436","3,417",-19,-74,-2.12%
066 - DUVAL,"11,982",,"11,975","11,600","11,380","11,299","10,984","11,485","11,542","11,388","11,366","11,275","11,132","11,169","11,071","11,065","11,061",-4,-921,-7.69%
067 - EASTLAND,"25,059",,"24,963","23,101","23,493","23,131","22,582","23,903","24,024","24,353","24,368","24,438","24,275","23,867","23,785","24,364","24,645",281,-414,-1.65%
068 - ECTOR,"188,327",,"187,321","176,597","174,699","171,853","166,946","173,056","173,004","172,951","173,186","173,686","173,472","174,054","173,701","173,455","174,516","1,061","-13,811",-7.33%
069 - EDWARDS,"3,003",,"2,985","2,918","2,933","2,951","2,938","3,007","3,113","3,190","3,200","3,209","3,238","3,266","3,260","3,248","3,191",-57,188,6.26%
070 - ELLIS,"188,126",,"188,175","174,712","179,344","182,968","181,337","193,604","195,865","197,621","198,868","199,410","199,306","200,828","201,421","201,389","201,810",421,"13,684",7.27%
071 - EL PASO,"686,685",,"685,288","654,254","665,303","669,111","672,265","699,678","704,274","706,439","704,689","704,372","703,782","705,216","704,112","701,699","702,935","1,236","16,250",2.37%
072 - ERATH,"43,548",,"43,546","40,666","41,256","41,390","40,258","43,183","43,653","44,055","44,203","44,316","44,447","44,717","44,635","44,600","44,886",286,"1,338",3.07%
073 - FALLS,"18,270",,"18,175","17,134","17,466","17,389","17,087","17,979","18,110","17,973","18,112","18,144","18,149","18,191","18,155","18,018","18,070",52,-200,-1.09%
074 - FANNIN,"39,461",,"39,313","36,304","37,162","37,641","37,208","39,301","39,704","39,728","39,901","39,913","39,933","40,051","40,012","39,799","39,811",12,350,0.89%
075 - FAYETTE,"36,303",,"36,243","34,770","35,003","35,132","34,739","35,841","36,021","36,124","36,276","36,319","36,345","36,452","36,558","36,501","36,639",138,336,0.93%
076 - FISHER,"4,706",,"4,650","4,464","4,534","4,562","4,500","4,720","4,762","4,687","4,698","4,662","4,664","4,676","4,663","4,666","4,644",-22,-62,-1.32%
077 - FLOYD,"7,104",,"7,030","6,624","6,652","6,653","6,670","6,969","7,004","7,074","6,872","6,884","6,864","6,892","6,813","6,772","6,793",21,-311,-4.38%
078 - FOARD,"1,723",,"1,724","1,633","1,635","1,583","1,564","1,654","1,676","1,676","1,675","1,694","1,690","1,676","1,653","1,645","1,654",9,-69,-4.00%
079 - FORT BEND,"645,849",,"645,995","614,504","617,248","623,022","617,504","649,705","660,624","666,645","672,120","676,048","678,568","681,828","683,360","684,028","687,281","3,253","41,432",6.42%
080 - FRANKLIN,"13,040",,"13,099","12,567","12,564","12,530","12,328","12,879","12,961","12,941","12,962","12,922","12,917","12,949","12,946","12,962","12,971",9,-69,-0.53%
081 - FREESTONE,"23,917",,"23,875","22,580","22,789","22,740","22,337","23,245","23,205","23,218","23,367","23,358","23,363","23,499","23,517","23,500","23,478",-22,-439,-1.84%
082 - FRIO,"15,769",,"15,699","14,243","13,926","13,888","13,534","14,904","15,288","15,297","15,420","15,307","15,182","15,292","15,294","15,243","15,332",89,-437,-2.77%
083 - GAINES,"23,456",,"23,460","22,229","22,896","22,811","22,535","23,442","23,507","23,849","23,955","24,011","24,042","24,195","24,100","24,160","24,376",216,920,3.92%
084 - GALVESTON,"301,463",,"301,197","286,578","288,636","289,380","283,580","298,115","301,690","301,674","303,295","303,100","303,529","303,924","303,099","302,477","303,822","1,345","2,359",0.78%
085 - GARZA,"4,936",,"4,891","4,571","4,687","4,660","4,625","4,932","4,925","4,930","4,922","4,947","4,959","4,984","4,945","4,921","4,904",-17,-32,-0.65%
086 - GILLESPIE,"37,845",,"37,789","35,536","36,515","37,093","36,836","38,360","38,628","38,973","39,652","39,693","39,846","40,053","40,106","40,156","40,174",18,"2,329",6.15%
087 - GLASSCOCK,"2,768",,"2,768","2,596","2,691","2,685","2,654","2,762","2,731","2,806","2,799","2,846","2,860","2,876","2,907","2,918","2,912",-6,144,5.20%
088 - GOLIAD,"9,848",,"9,830","9,125","9,347","9,438","9,249","9,724","9,651","9,657","9,586","9,568","9,607","9,662","9,606","9,603","9,622",19,-226,-2.29%
089 - GONZALES,"25,761",,"25,728","24,911","25,262","25,263","24,981","25,927","25,893","26,010","26,015","26,046","25,838","25,857","25,757","25,723","25,751",28,-10,-0.04%
090 - GRAY,"23,162",,"23,054","20,907","21,756","21,614","21,238","22,475","22,202","22,277","22,251","22,172","22,211","22,238","22,074","22,025","22,067",42,"-1,095",-4.73%
091 - GRAYSON,"138,413",,"138,251","129,558","133,253","134,734","133,347","140,516","141,198","142,257","142,786","143,204","143,512","144,461","144,262","144,120","144,617",497,"6,204",4.48%
092 - GREGG,"132,784",,"132,559","125,495","126,567","126,198","123,892","129,483","129,775","130,343","131,065","130,970","130,827","131,038","130,612","130,178","130,817",639,"-1,967",-1.48%
093 - GRIMES,"35,891",,"35,905","33,312","34,005","34,410","33,849","35,963","35,871","36,251","36,483","36,404","36,460","36,632","36,630","36,454","36,453",-1,562,1.57%
094 - GUADALUPE,"161,307",,"161,540","155,635","158,640","160,413","159,308","165,241","166,902","168,239","169,330","170,114","170,935","171,987","172,394","172,651","173,318",667,"12,011",7.45%
095 - HALE,"29,071",,"28,834","27,668","28,047","28,303","27,877","28,858","28,748","28,684","28,540","28,430","28,205","28,227","28,164","28,160","28,282",122,-789,-2.71%
096 - HALL,"3,106",,"3,084","2,894","2,926","2,933","2,913","3,022","3,010","3,061","2,979","2,945","2,920","2,940","2,932","2,902","2,910",8,-196,-6.31%
097 - HAMILTON,"11,777",,"11,759","11,263","11,328","11,331","11,187","11,836","11,974","12,037","12,117","12,199","12,146","12,251","12,223","12,253","12,332",79,555,4.71%
098 - HANSFORD,"6,633",,"6,617","6,195","6,391","6,388","6,355","6,625","6,613","6,612","6,480","6,474","6,441","6,484","6,415","6,338","6,312",-26,-321,-4.84%
099 - HARDEMAN,"3,977",,"3,976","3,858","3,910","3,906","3,888","4,088","4,083","4,105","4,070","4,114","4,108","4,114","4,062","4,018","4,012",-6,35,0.88%
100 - HARDIN,"60,840",,"60,735","57,642","57,988","58,049","57,143","60,135","60,784","60,957","61,072","60,998","60,884","61,109","61,152","61,068","61,058",-10,218,0.36%
101 - HARRIS,"3,608,532",,"3,605,575","3,328,542","3,265,674","3,243,232","3,168,486","3,355,010","3,424,674","3,441,747","3,449,059","3,454,704","3,456,886","3,462,371","3,462,136","3,467,825","3,493,246","25,421","-115,286",-3.19%
102 - HARRISON,"70,675",,"70,429","65,672","68,140","68,643","67,265","70,815","70,566","70,747","71,284","71,240","71,356","71,775","71,485","71,484","71,771",287,"1,096",1.55%
103 - HARTLEY,"6,949",,"6,877","6,721","6,802","6,689","6,707","6,992","7,037","7,117","7,164","7,174","7,194","7,192","7,264","7,214","7,231",17,282,4.06%
104 - HASKELL,"5,917",,"5,920","5,490","5,662","5,721","5,589","5,998","5,960","5,954","5,880","5,874","5,863","5,905","5,854","5,826","5,888",62,-29,-0.49%
105 - HAYS,"198,616",,"198,884","188,446","190,890","193,957","192,747","204,790","208,914","211,569","213,446","214,931","215,236","216,737","217,061","217,108","218,342","1,234","19,726",9.93%
106 - HEMPHILL,"5,722",,"5,731","5,399","5,594","5,504","5,413","5,566","5,451","5,464","5,375","5,357","5,328","5,353","5,317","5,279","5,278",-1,-444,-7.76%
107 - HENDERSON,"94,199",,"93,962","87,598","90,253","91,070","90,360","95,713","95,706","95,910","96,367","96,414","96,503","96,488","96,750","96,522","96,892",370,"2,693",2.86%
108 - HIDALGO,"644,894",,"644,365","621,617","628,615","641,016","642,025","667,169","678,026","681,502","683,937","684,851","685,181","685,734","685,092","685,054","687,249","2,195","42,355",6.57%
109 - HILL,"45,060",,"45,014","41,803","42,551","43,026","42,134","44,927","45,228","45,549","45,907","46,172","46,055","46,356","46,499","46,405","46,707",302,"1,647",3.66%
110 - HOCKLEY,"27,082",,"27,006","24,781","25,285","24,947","24,654","25,596","25,389","25,436","25,449","25,442","25,447","25,366","25,248","25,267","25,348",81,"-1,734",-6.40%
111 - HOOD,"72,920",,"73,021","68,858","70,902","71,467","70,932","74,397","74,719","75,249","75,876","75,791","76,096","76,321","75,941","75,831","75,863",32,"2,943",4.04%
112 - HOPKINS,"44,222",,"44,212","41,878","42,487","42,563","42,022","43,977","44,13P6","ge 2 o4f 46,381","44,578","44,599","44,486","44,636","44,585","44,560","44,737",177,515,1.16%
County,"Jan '20(pre-COVID)",,Feb '20,May '20,Aug '20,Nov '20,Feb '21,May '21,Aug '21,Nov '21,Feb '22,Mar '22,Apr '22,May '22,Jun '22,Jul '22,Aug '22,"? from July2022","Diff from Jan'20","% of OverallDecline"
113 - HOUSTON,"23,810",,"23,641","22,069","21,784","22,117","21,740","23,104","23,417","23,220","23,207","23,123","22,980","23,081","23,084","23,050","23,130",80,-680,-2.86%
114 - HOWARD,"31,614",,"31,446","28,975","29,361","29,281","28,667","30,437","30,081","29,869","29,702","29,591","29,498","29,665","29,510","29,460","29,367",-93,"-2,247",-7.11%
115 - HUDSPETH,"3,728",,"3,755","3,645","3,798","3,827","3,872","3,991","4,010","4,020","4,019","4,039","4,072","4,080","4,062","4,035","4,016",-19,288,7.73%
116 - HUNT,"101,232",,"101,143","94,217","94,912","95,439","93,230","101,158","102,573","103,377","104,758","105,263","105,367","106,264","106,536","106,929","107,436",507,"6,204",6.13%
117 - HUTCHINSON,"24,521",,"24,403","22,461","23,291","23,315","23,210","24,556","24,354","24,398","24,289","24,185","24,102","24,092","23,866","23,782","23,794",12,-727,-2.96%
118 - IRION,"3,512",,"3,514","3,296","3,351","3,351","3,311","3,397","3,387","3,409","3,434","3,436","3,428","3,423","3,432","3,437","3,454",17,-58,-1.65%
119 - JACK,"11,311",,"11,329","9,955","10,479","10,451","10,271","11,095","11,009","11,091","11,063","11,041","10,978","11,096","11,093","10,977","11,007",30,-304,-2.69%
120 - JACKSON,"18,273",,"18,262","17,312","17,742","17,812","17,514","18,325","18,198","18,143","18,176","18,195","18,192","18,222","18,248","18,203","18,229",26,-44,-0.24%
121 - JASPER,"41,784",,"41,577","37,845","37,687","38,469","37,890","40,543","40,995","40,773","40,802","40,644","40,571","40,718","40,696","40,433","40,514",81,"-1,270",-3.04%
122 - JEFF DAVIS,"2,784",,"2,790","2,609","2,653","2,659","2,631","2,768","2,741","2,715","2,733","2,746","2,722","2,708","2,726","2,737","2,760",23,-24,-0.86%
123 - JEFFERSON,"214,834",,"214,102","197,734","203,316","203,714","201,484","212,371","211,651","210,309","209,483","208,870","208,440","209,252","208,594","207,787","208,338",551,"-6,496",-3.02%
124 - JIM HOGG,"4,656",,"4,581","4,429","4,447","4,425","4,305","4,529","4,566","4,583","4,557","4,560","4,588","4,603","4,556","4,514","4,498",-16,-158,-3.39%
125 - JIM WELLS,"42,544",,"42,346","39,971","38,812","38,388","36,997","38,500","38,833","38,832","38,866","38,909","38,846","39,004","39,023","38,999","39,083",84,"-3,461",-8.14%
126 - JOHNSON,"183,255",,"182,927","172,193","176,993","177,967","176,274","186,748","188,266","189,959","191,145","191,702","191,889","193,208","193,320","193,012","193,601",589,"10,346",5.65%
127 - JONES,"17,668",,"17,581","16,456","16,813","16,810","16,508","17,493","17,463","17,662","18,164","18,414","18,484","18,685","18,626","18,569","18,557",-12,889,5.03%
128 - KARNES,"20,798",,"21,182","20,462","20,431","19,974","19,484","19,925","19,790","19,752","19,776","19,825","19,907","19,891","19,889","19,832","19,918",86,-880,-4.23%
129 - KAUFMAN,"132,740",,"132,770","124,900","128,716","131,337","130,583","139,748","141,728","144,066","145,792","146,427","147,436","148,630","149,349","150,136","151,162","1,026","18,422",13.88%
130 - KENDALL,"65,847",,"65,920","63,724","64,549","65,454","65,505","67,905","68,640","69,050","69,769","69,818","69,504","69,189","68,724","68,118","67,991",-127,"2,144",3.26%
131 - KENEDY,697,,697,663,689,684,710,726,775,868,897,897,897,895,911,898,904,6,207,29.70%
132 - KENT,"1,164",,"1,159","1,121","1,114","1,096","1,075","1,113","1,111","1,111","1,119","1,109","1,122","1,113","1,128","1,129","1,142",13,-22,-1.89%
133 - KERR,"61,038",,"60,889","58,153","58,352","59,004","58,128","60,424","61,195","61,403","61,623","61,650","61,782","62,009","62,069","62,182","62,364",182,"1,326",2.17%
134 - KIMBLE,"6,458",,"6,425","5,705","5,556","5,610","5,526","6,100","6,320","6,406","6,401","6,399","6,384","6,418","6,445","6,476","6,499",23,41,0.63%
135 - KING,500,,496,486,482,470,478,494,516,513,527,541,533,545,526,531,531,0,31,6.20%
136 - KINNEY,"3,648",,"3,635","3,436","3,532","3,603","3,573","3,736","3,711","3,732","3,758","3,766","3,777","3,756","3,752","3,747","3,717",-30,69,1.89%
137 - KLEBERG,"26,498",,"26,402","24,647","24,267","24,337","24,039","25,691","25,975","25,968","26,008","26,014","25,836","25,859","25,800","25,787","25,851",64,-647,-2.44%
138 - KNOX,"4,321",,"4,310","4,121","4,152","4,153","4,078","4,262","4,239","4,292","4,324","4,316","4,297","4,258","4,250","4,231","4,256",25,-65,-1.50%
139 - LAMAR,"53,373",,"53,184","51,645","52,291","52,365","51,689","53,370","53,275","53,261","53,238","53,255","53,136","53,204","53,192","53,035","53,212",177,-161,-0.30%
140 - LAMB,"13,308",,"13,225","12,554","12,650","12,746","12,505","13,227","13,191","13,178","13,044","13,018","12,984","13,020","13,016","12,995","12,928",-67,-380,-2.86%
141 - LAMPASAS,"27,043",,"26,918","26,081","26,547","26,735","26,504","27,655","27,883","28,156","28,253","28,306","28,351","28,516","28,516","28,546","28,659",113,"1,616",5.98%
142 - LASALLE,"8,163",,"8,129","7,703","7,549","7,586","7,229","7,585","7,719","7,772","7,850","7,877","7,900","7,971","8,030","8,019","8,067",48,-96,-1.18%
143 - LAVACA,"29,987",,"29,990","29,022","28,978","29,071","28,702","29,716","29,797","30,090","30,118","30,113","29,999","30,019","30,036","30,037","30,088",51,101,0.34%
144 - LEE,"25,746",,"25,689","24,848","25,276","25,141","24,853","25,721","25,708","25,807","25,803","25,790","25,589","25,600","25,576","25,480","25,531",51,-215,-0.84%
145 - LEON,"24,220",,"24,107","23,008","23,302","23,461","22,907","23,756","23,562","23,558","23,615","23,579","23,588","23,531","23,453","23,493","23,610",117,-610,-2.52%
146 - LIBERTY,"87,302",,"87,232","78,648","77,497","78,953","77,838","86,515","89,860","90,486","91,808","91,906","91,973","92,724","92,865","93,504","94,125",621,"6,823",7.82%
147 - LIMESTONE,"25,277",,"25,207","24,115","24,426","24,675","24,244","25,258","25,466","25,756","26,018","26,007","25,951","25,869","25,755","25,597","25,663",66,386,1.53%
148 - LIPSCOMB,"4,110",,"4,109","3,975","4,135","4,084","4,024","4,113","4,045","4,051","4,102","4,077","4,063","4,070","4,040","4,050","4,044",-6,-66,-1.61%
149 - LIVE OAK,"15,126",,"15,116","13,829","13,309","12,905","12,628","14,098","14,371","14,666","14,816","14,761","14,651","14,775","14,787","14,783","14,869",86,-257,-1.70%
150 - LLANO,"28,963",,"28,901","27,545","27,901","28,304","28,092","29,561","29,707","30,027","30,380","30,480","30,520","30,480","30,452","30,438","30,493",55,"1,530",5.28%
151 - LOVING,243,,240,228,239,223,219,227,234,223,219,217,215,214,215,210,209,-1,-34,-13.99%
152 - LUBBOCK,"251,664",,"250,845","239,414","244,480","244,570","241,496","254,649","255,919","257,124","257,885","257,751","256,833","257,597","257,278","256,922","258,030","1,108","6,366",2.53%
153 - LYNN,"6,557",,"6,519","6,313","6,332","6,342","6,219","6,566","6,632","6,681","6,715","6,696","6,662","6,644","6,706","6,720","6,735",15,178,2.71%
154 - MADISON,"14,194",,"14,116","13,496","13,663","13,662","13,406","13,910","14,253","14,503","14,563","14,562","14,534","14,549","14,496","14,477","14,527",50,333,2.35%
155 - MARION,"10,773",,"10,750","9,738","9,917","10,056","9,912","10,554","10,625","10,639","10,676","10,580","10,507","10,558","10,500","10,547","10,551",4,-222,-2.06%
156 - MARTIN,"7,198",,"7,130","6,926","7,036","7,167","7,093","7,344","7,373","7,376","7,370","7,321","7,279","7,309","7,360","7,358","7,419",61,221,3.07%
157 - MASON,"6,709",,"6,707","6,313","6,491","6,525","6,441","6,757","6,749","6,779","6,751","6,784","6,793","6,830","6,806","6,787","6,796",9,87,1.30%
158 - MATAGORDA,"37,574",,"37,511","35,398","34,905","34,661","34,016","36,144","36,720","37,035","37,189","37,075","36,773","36,860","36,705","36,652","36,767",115,-807,-2.15%
159 - MAVERICK,"49,819",,"49,612","47,604","48,665","49,400","49,133","51,270","51,508","51,523","51,513","51,420","51,444","51,372","51,349","51,228","51,613",385,"1,794",3.60%
160 - MCCULLOCH,"9,987",,"9,931","9,200","9,385","9,501","9,395","9,723","9,731","9,809","9,805","9,769","9,792","9,834","9,725","9,740","9,772",32,-215,-2.15%
161 - MCLENNAN,"227,203",,"226,778","216,369","220,496","221,455","219,080","228,367","229,225","230,248","230,794","231,042","230,875","231,271","231,216","230,564","231,153",589,"3,950",1.74%
162 - MCMULLEN,"2,186",,"2,152","2,034","1,949","1,905","1,851","1,854","1,852","1,820","1,820","1,832","1,824","1,812","1,790","1,803","1,819",16,-367,-16.79%
163 - MEDINA,"57,812",,"57,742","54,669","55,808","56,590","55,995","59,085","58,963","59,149","59,596","59,712","59,733","60,167","60,110","60,098","60,190",92,"2,378",4.11%
164 - MENARD,"3,008",,"2,999","2,824","2,821","2,850","2,825","2,963","2,981","2,956","2,970","3,000","3,015","3,026","3,016","3,003","2,984",-19,-24,-0.80%
165 - MIDLAND,"236,293",,"235,432","222,169","219,558","216,522","210,523","216,150","214,733","214,492","215,628","217,012","218,426","219,419","220,241","220,281","221,299","1,018","-14,994",-6.35%
166 - MILAM,"30,519",,"30,490","27,446","28,403","28,891","28,203","30,529","30,396","30,589","31,053","31,006","30,806","31,202","31,088","31,165","31,170",5,651,2.13%
167 - MILLS,"7,290",,"7,232","6,829","6,854","6,859","6,683","7,183","7,174","7,195","7,271","7,273","7,270","7,300","7,245","7,224","7,289",65,-1,-0.01%
168 - MITCHELL,"7,381",,"7,339","6,906","6,950","7,040","6,945","7,408","7,29P7","ge 3 of 76,258","7,229","7,249","7,196","7,173","7,181","7,198","7,192",-6,-189,-2.56%
County,"Jan '20(pre-COVID)",,Feb '20,May '20,Aug '20,Nov '20,Feb '21,May '21,Aug '21,Nov '21,Feb '22,Mar '22,Apr '22,May '22,Jun '22,Jul '22,Aug '22,"? from July2022","Diff from Jan'20","% of OverallDecline"
169 - MONTAGUE,"27,033",,"26,996","25,770","26,381","26,418","26,045","27,163","27,076","27,192","27,334","27,327","27,326","27,347","27,184","27,050","27,096",46,63,0.23%
170 - MONTGOMERY,"569,482",,"569,917","542,535","546,005","551,028","547,026","571,295","577,213","579,179","581,997","583,793","587,406","590,474","592,079","593,053","596,714","3,661","27,232",4.78%
171 - MOORE,"23,959",,"23,904","22,194","22,949","23,117","23,123","23,845","23,960","24,051","23,930","23,952","23,857","23,969","23,936","23,835","23,906",71,-53,-0.22%
172 - MORRIS,"14,032",,"13,971","13,394","13,537","13,408","13,116","13,713","13,707","13,696","13,721","13,697","13,695","13,679","13,683","13,622","13,678",56,-354,-2.52%
173 - MOTLEY,"1,713",,"1,715","1,646","1,652","1,660","1,646","1,716","1,729","1,721","1,708","1,713","1,700","1,697","1,682","1,663","1,667",4,-46,-2.69%
174 - NACOGDOCHES,"59,607",,"59,391","55,460","56,558","56,907","55,793","59,124","59,089","58,881","59,336","59,119","59,183","59,276","59,186","59,080","59,219",139,-388,-0.65%
175 - NAVARRO,"53,078",,"52,983","48,876","47,117","45,871","44,561","50,807","52,281","53,006","53,478","53,312","53,000","53,398","53,714","53,884","54,161",277,"1,083",2.04%
176 - NEWTON,"13,848",,"13,791","12,877","12,912","13,107","12,925","13,622","13,890","13,833","13,739","13,714","13,705","13,671","13,653","13,594","13,584",-10,-264,-1.91%
177 - NOLAN,"14,928",,"14,779","13,917","13,998","14,040","13,675","14,623","14,733","14,686","14,684","14,562","14,379","14,404","14,323","14,195","14,209",14,-719,-4.82%
178 - NUECES,"288,928",,"288,168","272,074","268,605","269,996","265,805","283,542","285,356","285,061","284,012","283,395","282,282","283,687","283,413","283,901","285,182","1,281","-3,746",-1.30%
179 - OCHILTREE,"12,284",,"12,204","11,311","11,804","11,690","11,673","11,803","11,619","11,605","11,786","11,759","11,765","11,825","11,796","11,754","11,700",-54,-584,-4.75%
180 - OLDHAM,"3,051",,"3,065","2,955","2,992","3,016","2,979","3,085","3,069","3,031","2,970","2,970","2,953","2,918","2,914","2,924","2,914",-10,-137,-4.49%
181 - ORANGE,"83,134",,"82,962","77,961","79,099","78,469","77,733","81,498","81,757","81,047","80,934","80,788","80,998","81,130","80,807","80,624","80,778",154,"-2,356",-2.83%
182 - PALO PINTO,"33,675",,"33,586","31,112","31,495","31,311","30,923","32,929","33,170","33,433","33,543","33,513","33,454","33,566","33,373","33,150","33,153",3,-522,-1.55%
183 - PANOLA,"27,676",,"27,517","25,167","25,777","25,972","25,538","26,861","26,861","26,838","26,949","26,808","26,768","26,751","26,850","26,717","26,740",23,-936,-3.38%
184 - PARKER,"163,546",,"163,371","152,160","157,286","158,670","157,782","167,353","168,378","170,439","172,172","172,885","173,616","175,307","175,566","175,861","176,670",809,"13,124",8.02%
185 - PARMER,"10,290",,"10,261","9,697","10,017","10,041","10,106","10,393","10,331","10,326","10,241","10,220","10,231","10,261","10,238","10,171","10,204",33,-86,-0.84%
186 - PECOS,"16,873",,"16,781","16,098","16,206","16,249","15,973","16,408","16,117","16,161","16,098","16,018","15,950","15,883","15,852","15,783","15,821",38,"-1,052",-6.23%
187 - POLK,"57,844",,"57,785","53,560","54,822","55,446","54,984","58,329","58,594","58,634","58,832","58,743","58,550","58,791","58,463","58,278","58,417",139,573,0.99%
188 - POTTER,"104,809",,"104,438","97,965","102,311","101,949","101,060","106,110","105,412","106,264","105,954","105,552","105,521","105,891","105,380","104,981","105,069",88,260,0.25%
189 - PRESIDIO,"8,104",,"8,064","7,719","7,842","7,797","7,604","7,989","7,987","8,086","8,080","8,060","8,117","8,065","8,052","7,982","7,956",-26,-148,-1.83%
190 - RAINS,"15,685",,"15,639","14,833","14,933","15,027","14,881","15,803","15,974","16,042","16,162","16,216","16,280","16,388","16,425","16,396","16,438",42,753,4.80%
191 - RANDALL,"139,165",,"138,999","133,858","136,973","137,507","137,118","142,386","142,941","143,985","144,517","144,534","144,488","145,096","144,992","144,633","145,052",419,"5,887",4.23%
192 - REAGAN,"5,624",,"5,555","5,104","5,191","5,189","4,918","5,169","5,017","5,000","5,018","5,037","5,070","5,083","5,076","5,100","5,094",-6,-530,-9.42%
193 - REAL,"4,824",,"4,797","4,549","4,639","4,714","4,694","4,946","4,915","4,955","4,965","4,952","4,927","4,934","4,925","4,879","4,883",4,59,1.22%
194 - RED RIVER,"14,778",,"14,715","13,287","13,672","13,821","13,602","14,532","14,394","14,454","14,553","14,549","14,556","14,495","14,523","14,529","14,556",27,-222,-1.50%
195 - REEVES,"15,539",,"15,559","14,992","14,890","14,576","14,051","14,429","14,403","14,547","14,701","14,666","14,659","14,769","14,734","14,876","15,108",232,-431,-2.77%
196 - REFUGIO,"8,463",,"8,453","7,844","7,711","7,797","7,566","7,991","8,015","7,967","8,005","7,983","7,964","8,053","8,060","8,065","8,080",15,-383,-4.53%
197 - ROBERTS,"1,321",,"1,319","1,230","1,218","1,256","1,237","1,271","1,260","1,246","1,236","1,259","1,265","1,273","1,292","1,285","1,282",-3,-39,-2.95%
198 - ROBERTSON,"20,439",,"20,435","19,569","19,974","20,156","19,664","20,593","20,557","20,720","20,899","20,908","20,945","21,045","21,008","21,060","21,053",-7,614,3.00%
199 - ROCKWALL,"96,517",,"96,593","91,838","93,900","95,411","94,812","100,193","101,840","103,241","103,747","104,340","105,019","105,640","105,913","106,303","107,015",712,"10,498",10.88%
200 - RUNNELS,"13,173",,"13,083","12,727","12,840","12,852","12,669","12,999","13,073","13,071","13,117","13,022","13,033","13,011","12,901","12,828","12,808",-20,-365,-2.77%
201 - RUSK,"53,426",,"53,202","50,342","50,913","51,060","49,972","52,261","52,453","52,539","52,790","52,836","52,688","52,797","52,729","52,572","52,778",206,-648,-1.21%
202 - SABINE,"13,336",,"13,307","12,357","12,552","12,734","12,545","13,364","13,353","13,389","13,481","13,386","13,319","13,392","13,290","13,226","13,247",21,-89,-0.67%
203 - SAN AUGUSTINE,"9,648",,"9,599","9,165","9,320","9,319","9,217","9,592","9,708","9,758","9,803","9,706","9,713","9,749","9,732","9,618","9,684",66,36,0.37%
204 - SAN JACINTO,"29,226",,"29,182","27,992","28,220","28,471","27,933","29,616","29,799","30,104","30,362","30,466","30,432","30,604","30,674","30,727","31,005",278,"1,779",6.09%
205 - SAN PATRICIO,"68,771",,"68,629","63,599","64,679","64,582","63,297","68,453","68,485","68,886","68,896","68,752","67,956","68,186","67,800","67,710","67,996",286,-775,-1.13%
206 - SAN SABA,"8,055",,"8,039","7,629","7,837","7,949","7,850","8,203","8,159","8,179","8,167","8,132","8,153","8,201","8,181","8,145","8,173",28,118,1.46%
207 - SCHLEICHER,"4,334",,"4,352","4,141","4,158","4,209","4,147","4,295","4,258","4,250","4,234","4,233","4,206","4,242","4,233","4,234","4,251",17,-83,-1.92%
208 - SCURRY,"20,626",,"20,486","19,666","19,836","19,466","19,087","19,581","19,488","19,557","19,294","19,327","19,060","19,022","18,870","18,702","18,868",166,"-1,758",-8.52%
209 - SHACKELFORD,"4,802",,"4,869","4,558","4,606","4,508","4,417","4,661","4,592","4,613","4,540","4,586","4,655","4,668","4,673","4,680","4,676",-4,-126,-2.62%
210 - SHELBY,"28,612",,"28,557","26,935","27,171","26,957","26,232","27,771","27,734","27,938","28,136","28,078","27,738","27,696","27,650","27,496","27,537",41,"-1,075",-3.76%
211 - SHERMAN,"3,041",,"3,029","2,772","2,914","2,848","2,804","2,941","2,902","2,906","2,894","2,874","2,887","2,858","2,864","2,850","2,876",26,-165,-5.43%
212 - SMITH,"225,222",,"224,684","215,058","218,921","219,839","216,998","226,018","229,178","231,311","233,027","233,285","232,999","232,968","232,744","232,613","233,611",998,"8,389",3.72%
213 - SOMERVELL,"12,525",,"12,509","11,685","11,598","11,449","11,036","11,546","11,593","11,677","11,760","11,798","11,843","11,921","11,903","11,879","11,897",18,-628,-5.01%
214 - STARR,"56,811",,"56,610","54,479","55,317","56,019","56,038","58,466","58,912","59,116","59,019","58,827","58,914","58,797","58,700","58,557","58,698",141,"1,887",3.32%
215 - STEPHENS,"10,544",,"10,475","9,830","9,935","9,948","9,682","10,272","10,212","10,246","10,298","10,260","10,173","10,156","10,172","10,117","10,170",53,-374,-3.55%
216 - STERLING,"2,555",,"2,541","2,393","2,416","2,425","2,394","2,484","2,461","2,404","2,422","2,357","2,364","2,374","2,361","2,334","2,326",-8,-229,-8.96%
217 - STONEWALL,"2,097",,"2,094","2,038","2,054","2,034","1,935","1,988","1,982","1,982","1,958","1,927","1,953","1,932","1,902","1,886","1,885",-1,-212,-10.11%
218 - SUTTON,"5,841",,"5,805","5,539","5,539","5,438","5,315","5,552","5,459","5,508","5,478","5,452","5,450","5,470","5,465","5,452","5,453",1,-388,-6.64%
219 - SWISHER,"7,082",,"6,999","6,526","6,532","6,534","6,434","6,860","6,930","6,967","6,947","6,919","6,928","6,911","6,874","6,869","6,891",22,-191,-2.70%
220 - TARRANT,"1,745,388",,"1,743,023","1,638,206","1,664,924","1,668,830","1,641,988","1,718,565","1,730,040","1,734,530","1,734,427","1,737,237","1,740,710","1,744,329","1,746,075","1,743,281","1,746,575","3,294","1,187",0.07%
221 - TAYLOR,"132,462",,"131,919","123,687","126,224","126,459","124,486","130,678","131,289","131,911","131,660","131,531","131,580","131,878","131,673","131,417","131,964",547,-498,-0.38%
222 - TERRELL,"1,243",,"1,224","1,191","1,214","1,240","1,197","1,206","1,208","1,223","1,212","1,166","1,171","1,168","1,184","1,171","1,175",4,-68,-5.47%
223 - TERRY,"11,492",,"11,392","10,687","10,928","11,002","10,959","11,555","11,402","11,534","11,616","11,538","11,509","11,506","11,461","11,464","11,506",42,14,0.12%
224 - THROCKMORTON,"2,116",,"2,086","1,933","1,959","1,962","1,933","2,097","2,13P9","ge 4 of 26,119","2,161","2,165","2,130","2,131","2,146","2,159","2,168",9,52,2.46%
County,"Jan '20(pre-COVID)",,Feb '20,May '20,Aug '20,Nov '20,Feb '21,May '21,Aug '21,Nov '21,Feb '22,Mar '22,Apr '22,May '22,Jun '22,Jul '22,Aug '22,"? from July2022","Diff from Jan'20","% of OverallDecline"
225 - TITUS,"31,874",,"31,860","30,307","30,604","30,637","30,227","31,345","31,609","31,811","31,934","31,856","31,892","31,817","31,792","31,609","31,672",63,-202,-0.63%
226 - TOM GREEN,"118,805",,"118,501","112,670","114,441","114,300","112,028","118,022","118,391","118,959","119,084","118,830","118,712","119,011","118,610","118,460","118,749",289,-56,-0.05%
227 - TRAVIS,"1,010,985",,"1,009,655","947,086","930,620","932,007","914,540","954,776","962,738","963,326","961,361","964,840","967,463","971,784","974,979","974,276","977,767","3,491","-33,218",-3.29%
228 - TRINITY,"16,219",,"16,137","15,288","15,219","15,395","15,281","16,244","16,414","16,404","16,476","16,450","16,506","16,477","16,424","16,424","16,504",80,285,1.76%
229 - TYLER,"22,535",,"22,463","20,680","20,937","21,222","20,914","22,396","22,774","22,709","22,816","22,659","22,624","22,729","22,680","22,545","22,620",75,85,0.38%
230 - UPSHUR,"44,243",,"44,180","42,569","43,127","43,217","42,185","44,104","44,172","44,330","44,703","44,745","44,639","44,817","44,860","44,896","44,945",49,702,1.59%
231 - UPTON,"4,846",,"4,879","4,675","4,712","4,761","4,599","4,914","4,984","4,996","5,046","5,212","5,238","5,223","5,217","5,213","5,193",-20,347,7.16%
232 - UVALDE,"28,138",,"28,059","26,578","26,982","27,051","26,405","28,111","28,379","28,439","28,170","28,190","28,362","28,261","27,968","27,834","27,913",79,-225,-0.80%
233 - VAL VERDE,"48,176",,"48,066","45,999","46,833","47,622","47,505","49,187","49,564","49,676","49,737","49,687","49,508","49,347","49,211","49,021","48,930",-91,754,1.57%
234 - VAN ZANDT,"64,841",,"64,643","60,300","60,581","60,336","59,381","63,360","64,321","65,135","65,418","65,649","66,165","66,210","66,097","66,111","66,114",3,"1,273",1.96%
235 - VICTORIA,"92,092",,"91,859","86,276","87,338","87,459","86,133","90,197","90,304","90,406","90,485","90,443","90,341","90,214","89,894","89,514","89,662",148,"-2,430",-2.64%
236 - WALKER,"56,048",,"55,981","53,115","53,861","54,029","52,864","55,760","56,371","56,654","56,923","56,952","56,749","56,844","56,874","56,767","56,956",189,908,1.62%
237 - WALLER,"55,301",,"55,419","53,596","53,846","54,276","53,526","55,962","56,498","56,869","57,517","57,504","57,825","58,316","58,392","58,433","58,654",221,"3,353",6.06%
238 - WARD,"16,009",,"16,050","15,618","15,361","15,110","14,723","15,054","15,079","15,073","15,054","15,003","15,071","15,045","15,137","15,085","15,135",50,-874,-5.46%
239 - WASHINGTON,"43,161",,"43,135","40,407","41,415","41,914","41,562","43,511","43,478","43,458","43,674","43,704","43,791","44,000","44,004","43,999","44,149",150,988,2.29%
240 - WEBB,"210,031",,"209,491","198,230","203,640","206,852","206,942","215,316","220,707","223,781","224,935","225,379","225,274","225,042","225,166","224,777","225,598",821,"15,567",7.41%
241 - WHARTON,"49,080",,"48,903","46,474","47,162","47,375","46,617","48,567","48,720","48,719","48,723","48,596","48,430","48,467","48,296","48,202","48,282",80,-798,-1.63%
242 - WHEELER,"7,127",,"7,117","6,582","6,739","6,672","6,596","6,987","6,877","6,844","6,735","6,661","6,588","6,560","6,471","6,412","6,388",-24,-739,-10.37%
243 - WICHITA,"113,323",,"112,914","106,604","109,042","107,602","105,037","110,926","110,957","111,127","110,764","110,955","110,695","110,581","110,410","109,998","110,134",136,"-3,189",-2.81%
244 - WILBARGER,"12,723",,"12,677","11,913","12,182","12,171","11,896","12,722","12,641","12,653","12,584","12,514","12,438","12,481","12,349","12,277","12,323",46,-400,-3.14%
245 - WILLACY,"16,146",,"16,121","15,239","14,704","14,419","13,985","15,465","15,914","16,155","16,099","16,184","15,977","15,925","15,908","16,016","16,051",35,-95,-0.59%
246 - WILLIAMSON,"489,856",,"490,514","467,550","472,722","478,043","473,301","498,845","507,846","514,393","517,448","518,724","520,809","522,952","523,467","523,427","525,789","2,362","35,933",7.34%
247 - WILSON,"58,731",,"58,672","55,984","57,195","57,638","57,371","60,179","60,467","60,723","61,241","61,477","61,672","62,213","62,325","62,555","62,824",269,"4,093",6.97%
248 - WINKLER,"11,226",,"11,345","10,294","10,029","9,801","9,379","9,928","9,715","9,676","9,835","9,872","9,870","9,833","9,826","9,857","9,903",46,"-1,323",-11.79%
249 - WISE,"92,340",,"92,212","87,133","88,535","88,493","87,759","92,305","92,626","93,186","93,674","94,028","94,447","95,023","95,406","95,582","96,086",504,"3,746",4.06%
250 - WOOD,"53,783",,"53,653","50,827","51,915","52,127","51,488","54,454","54,744","55,181","55,622","55,665","55,545","55,737","55,441","55,344","55,388",44,"1,605",2.98%
251 - YOAKUM,"11,454",,"11,369","10,819","10,764","10,546","10,358","10,694","10,666","10,619","10,565","10,466","10,464","10,455","10,359","10,327","10,412",85,"-1,042",-9.10%
252 - YOUNG,"23,161",,"23,071","21,783","22,369","22,425","22,156","23,207","23,175","23,217","23,342","23,366","23,407","23,404","23,266","23,240","23,420",180,259,1.12%
253 - ZAPATA,"12,316",,"12,254","11,397","11,670","11,823","11,657","12,420","12,401","12,405","12,434","12,321","12,266","12,205","12,144","12,075","12,128",53,-188,-1.53%
254 - ZAVALA,"9,019",,"8,943","8,588","8,634","8,667","8,415","9,168","9,431","9,506","9,519","9,523","9,552","9,448","9,352","9,321","9,315",-6,296,3.28%
Registered Vehicles,"25,359,100",,"25,326,755","23,862,368","24,014,811","24,100,824","23,780,587","24,975,533","25,220,435","25,333,371","25,402,225","25,445,157","25,461,520","25,543,156","25,539,254","25,529,058","25,625,601","96,543","266,501",1.1%
"",,,,,,,,,,,,,,,,,,,,
"Cumulative RegistrationCount from Jan 2020 toYTD",,,"-32,345","-1,496,732","-1,344,289","-1,258,276","-1,578,513","-383,567","-138,665","-25,729","43,125","86,057","102,420","184,056","180,154","169,958","266,501",,,
County,"Jan '20(pre-COVID)",,Feb '20,May '20,Aug '20,Nov '20,Feb '21,May '21,Aug '21,Nov '21,Feb '22,,Mar '22,,Apr '22,May '22,Jun '22,Jul '22,Aug '22,"? from July2022",,"Diff from Jan'20","% of OverallDecline"
Registered Vehicle Count,,,,,
DATE,REG VEH TOT,,TREND,STATUS,COMMENTS
Jan '20,"25,359,100",,0,Benchmark,pre-COVID
Feb '20,"25,326,755",,"(32,345)",below Benchmark,
Mar '20,"25,175,529",,"(183,571)",below Benchmark,COVID waivers announced
Apr '20,"24,294,623",,"(1,064,477)",below Benchmark,
May '20,"23,862,368",,"(1,496,732)",below Benchmark,
Jun '20,"24,054,592",,"(1,304,508)",below Benchmark,
Jul '20,"24,076,331",,"(1,282,769)",below Benchmark,
Aug '20,"24,014,811",,"(1,344,289)",below Benchmark,
Sep '20,"24,089,827",,"(1,269,273)",below Benchmark,
Oct '20,"24,113,631",,"(1,245,469)",below Benchmark,
Nov '20,"24,100,824",,"(1,258,276)",below Benchmark,
Dec '20,"24,088,245",,"(1,270,855)",below Benchmark,
"",,,,,
Jan '21,"23,967,623",,"(1,391,477)",below Benchmark,
Feb '21,"23,780,587",,"(1,578,513)",below Benchmark,
Mar '21,"24,033,862",,"(1,325,238)",below Benchmark,
Apr '21,"24,745,199",,"(613,901)",below Benchmark,
May '21,"24,975,533",,"(383,567)",below Benchmark,
Jun '21,"25,033,632",,"(325,468)",below Benchmark,
Jul '21,"25,135,966",,"(223,134)",below Benchmark,
Aug '21,"25,220,435",,"(138,665)",below Benchmark,
Sep '21,"25,275,066",,"(84,034)",below Benchmark,
Oct '21,"25,267,399",,"(91,701)",below Benchmark,
Nov '21,"25,333,371",,"(25,729)",below Benchmark,
Dec '21,"25,415,309",,"56,209",Above Benchmark,
Jan '22,"25,366,267",,"7,167",Above Benchmark,
Feb '22,"25,402,225",,"43,125",Above Benchmark,
Mar '22,"25,445,157",,"86,057",Above Benchmark,
Apr '22,"25,461,520",,"102,420",Above Benchmark,
May '22,"25,543,156",,"184,056",Above Benchmark,
Jun '22,"25,539,254",,"180,154",Above Benchmark,
Jul '22,"25,529,058",,"169,958",Above Benchmark,
Aug '22,"25,625,601",,"266,501",Above Benchmark,
"Monthly Registered Vehicle CountJanuary 2020 through August 202226,000,00025,625,60125,543,15625,529,05825,415,30925,445,15725,500,00025,402,22525,359,10025,326,75525,333,37125,539,25425,275,06625,461,52025,175,52925,135,96625,366,26725,267,39925,033,63225,220,43524,975,53325,000,00024,745,19924,500,00024,294,62324,076,33124,100,82424,054,59224,089,82724,088,24523,967,62324,033,86224,000,00024,113,63124,014,81123,862,36823,780,58723,500,000"
